{
  "PHY-CLI-001": 0.0012,
  "PHY-CLI-002": 0.0034999999999999996,
  "PHY-CLI-003": 0.065,
  "PHY-CLI-004": 0.027999999999999997,
  "PHY-CLI-005": 0.015,
  "PHY-CLI-006": 0.032,
  "PHY-ENE-001": 0.012,
  "PHY-ENE-002": 0.085,
  "PHY-ENE-003": 0.18,
  "PHY-ENE-004": 0.12,
  "PHY-ENE-005": 0.065,
  "PHY-ENE-006": 0.09,
  "PHY-ENE-007": 0.035,
  "PHY-MAT-001": 0.15,
  "PHY-MAT-002": 0.2,
  "PHY-MAT-003": 0.25,
  "PHY-MAT-004": 0.18,
  "PHY-MAT-005": 0.22,
  "PHY-MAT-006": 0.14,
  "PHY-MAT-007": 0.16,
  "PHY-MAT-008": 0.18,
  "PHY-WAT-001": 0.28,
  "PHY-WAT-002": 0.12,
  "PHY-WAT-003": 0.09,
  "PHY-WAT-004": 0.15,
  "PHY-WAT-005": 0.18,
  "PHY-WAT-006": 0.16,
  "PHY-GEO-001": 0.035,
  "PHY-GEO-002": 0.06,
  "PHY-GEO-003": 0.08,
  "PHY-GEO-004": 0.02,
  "PHY-GEO-005": 0.045,
  "PHY-POL-001": 0.05,
  "PHY-POL-002": 0.22,
  "PHY-POL-003": 0.14,
  "PHY-POL-004": 0.08,
  "PHY-POL-005": 0.03,
  "PHY-POL-006": 0.07,
  "PHY-POL-007": 0.11,
  "PHY-BIO-001": 0.35,
  "PHY-BIO-002": 0.18,
  "PHY-BIO-003": 0.12,
  "PHY-BIO-004": 0.25,
  "PHY-BIO-005": 0.1,
  "DIG-CIC-001": 0.08,
  "DIG-CIC-002": 0.05,
  "DIG-CIC-003": 0.03,
  "DIG-CIC-004": 0.04,
  "DIG-CIC-005": 0.03,
  "DIG-CIC-006": 0.02,
  "DIG-RDE-001": 0.12,
  "DIG-RDE-002": 0.08,
  "DIG-RDE-003": 0.1,
  "DIG-RDE-004": 0.15,
  "DIG-RDE-005": 0.07,
  "DIG-RDE-006": 0.06,
  "DIG-RDE-007": 0.18,
  "DIG-RDE-008": 0.09,
  "DIG-SCC-001": 0.03,
  "DIG-SCC-002": 0.05,
  "DIG-SCC-003": 0.08,
  "DIG-SCC-004": 0.04,
  "DIG-SCC-005": 0.06,
  "DIG-FSD-001": 0.18,
  "DIG-FSD-002": 0.14,
  "DIG-FSD-003": 0.22,
  "DIG-FSD-004": 0.04,
  "DIG-FSD-005": 0.12,
  "DIG-FSD-006": 0.08,
  "DIG-FSD-007": 0.03,
  "DIG-CLS-001": 0.25,
  "DIG-CLS-002": 0.08,
  "DIG-CLS-003": 0.2,
  "DIG-CLS-004": 0.12,
  "DIG-CLS-005": 0.15,
  "DIG-CLS-006": 0.1,
  "DIG-HWS-001": 0.15,
  "DIG-HWS-002": 0.12,
  "DIG-HWS-003": 0.18,
  "DIG-HWS-004": 0.03,
  "DIG-HWS-005": 0.2,
  "DIG-HWS-006": 0.25,
  "DIG-HWS-007": 0.1,
  "DIG-SWS-001": 0.08,
  "DIG-SWS-002": 0.12,
  "DIG-SWS-003": 0.18,
  "DIG-SWS-004": 0.06,
  "DIG-SWS-005": 0.1,
  "DIG-SWS-006": 0.07,
  "DIG-SWS-007": 0.22,
  "DIG-SWS-008": 0.2,
  "STR-GEO-001": 0.12,
  "STR-GEO-002": 0.18,
  "STR-GEO-003": 0.06,
  "STR-GEO-004": 0.15,
  "STR-GEO-005": 0.04,
  "STR-GEO-006": 0.1,
  "STR-GEO-007": 0.08,
  "STR-TRD-001": 0.22,
  "STR-TRD-002": 0.28,
  "STR-TRD-003": 0.12,
  "STR-TRD-004": 0.08,
  "STR-TRD-005": 0.18,
  "STR-TRD-006": 0.16,
  "STR-REG-001": 0.32,
  "STR-REG-002": 0.28,
  "STR-REG-003": 0.24,
  "STR-REG-004": 0.2,
  "STR-REG-005": 0.26,
  "STR-REG-006": 0.3,
  "STR-REG-007": 0.22,
  "STR-ECO-001": 0.15,
  "STR-ECO-002": 0.08,
  "STR-ECO-003": 0.06,
  "STR-ECO-004": 0.05,
  "STR-ECO-005": 0.12,
  "STR-ECO-006": 0.07,
  "STR-ENP-001": 0.4,
  "STR-ENP-002": 0.25,
  "STR-ENP-003": 0.38,
  "STR-ENP-004": 0.3,
  "STR-ENP-005": 0.35,
  "STR-ENP-006": 0.15,
  "STR-TEC-001": 0.25,
  "STR-TEC-002": 0.28,
  "STR-TEC-003": 0.32,
  "STR-TEC-004": 0.15,
  "STR-TEC-005": 0.18,
  "STR-FIN-001": 0.04,
  "STR-FIN-002": 0.03,
  "STR-FIN-003": 0.06,
  "STR-FIN-004": 0.1,
  "STR-FIN-005": 0.02,
  "OPS-MAR-001": 0.18,
  "OPS-MAR-002": 0.08,
  "OPS-MAR-003": 0.12,
  "OPS-MAR-004": 0.06,
  "OPS-MAR-005": 0.15,
  "OPS-MAR-006": 0.1,
  "OPS-MAR-007": 0.14,
  "OPS-AIR-001": 0.16,
  "OPS-AIR-002": 0.12,
  "OPS-AIR-003": 0.05,
  "OPS-AIR-004": 0.18,
  "OPS-AIR-005": 0.1,
  "OPS-RLD-001": 0.25,
  "OPS-RLD-002": 0.14,
  "OPS-RLD-003": 0.2,
  "OPS-RLD-004": 0.22,
  "OPS-RLD-005": 0.08,
  "OPS-RLD-006": 0.12,
  "OPS-CMP-001": 0.2,
  "OPS-CMP-002": 0.16,
  "OPS-CMP-003": 0.18,
  "OPS-CMP-004": 0.14,
  "OPS-CMP-005": 0.12,
  "OPS-CMP-006": 0.16,
  "OPS-SUP-001": 0.1,
  "OPS-SUP-002": 0.08,
  "OPS-SUP-003": 0.12,
  "OPS-SUP-004": 0.16,
  "OPS-SUP-005": 0.2,
  "OPS-SUP-006": 0.08,
  "OPS-MFG-001": 0.28,
  "OPS-MFG-002": 0.06,
  "OPS-MFG-003": 0.1,
  "OPS-MFG-004": 0.18,
  "OPS-MFG-005": 0.08,
  "OPS-MFG-006": 0.22,
  "OPS-WHS-001": 0.07,
  "OPS-WHS-002": 0.12,
  "OPS-WHS-003": 0.16,
  "OPS-WHS-004": 0.14,
  "OPS-WHS-005": 0.1
}